feature_0,feature_1,feature_2,feature_3,feature_4,target
1.993096985174661,-0.3683444548636353,0.21840596497827502,-0.6583346392630977,-2.013270726882727,1
-0.3401485204629451,1.7906462747863414,0.7868405676603463,0.9779609780629737,1.6210120505425358,0
1.2954945017358166,1.527840128081237,0.6628733980199353,1.6610773601766176,1.9573407167599495,1
-0.7522339328773578,-0.8848979684499035,0.8006872652621299,0.6899457275416111,1.3536248844362655,0
1.6106240768621296,0.3909767427139747,0.592188621065579,1.4806692227300116,1.530455753703921,1
1.624204975427209,2.228396623128538,0.331267701506731,-0.24635286424609737,-1.1971428603834973,1
-0.8714638735502528,0.6566499248971072,0.800780988957185,0.5805282410254617,1.2351557783272455,0
1.018046851562317,-0.4147567306928669,0.6164869319636899,1.095751238869582,1.1920414001822799,1
0.7516210378260293,1.136652752527286,0.7872340711511492,1.9882246355790953,2.7189651560256975,1
1.4654417997260472,-0.18489831308224003,0.6618917853647364,1.8113844904819705,2.117294326923555,1
0.9671874857500048,0.2507422956815712,0.5682547674361799,0.7272477540219643,0.6343650196573348,0
2.3611635490329004,-1.045398746956892,0.21067866457168877,-0.37014829701584595,-1.7256953612672006,1
1.4478070610501628,-0.0057149230033384235,0.7219600432609629,2.1955829621177343,2.7306966555165513,0
-1.3609002674257664,-0.30390764146478977,0.8233939110916981,0.2795668152548892,0.9823693704151367,0
-0.9209260002562744,0.15671774880848965,0.8265074276155079,0.7063953992401764,1.455879791822849,0
-0.7019727449070071,0.6644744148101203,0.8071004337284875,0.7790904109329884,1.4713564278173679,0
-1.1245362402368366,1.277925871339269,0.8065005374815438,0.38508923724006483,1.0416972652933696,0
1.768388681769843,-0.7471262895296965,0.6048442857234345,1.710651987128628,1.821475460063608,1
-0.9267730181179573,0.5627777634901584,0.6133084801376171,-0.7203957468792229,-0.7898216885108266,0
1.4211206644069245,0.018319086051356237,0.5243513023749187,0.8534979845374874,0.6279055847004688,1
-2.0883164011130986,0.10624341683868749,0.6359746947962189,-1.6413177608946552,-1.7154168644278047,0
1.1950412981785543,0.8825799504882996,0.642186925689811,1.4304484122090946,1.6393692587385824,1
0.220409561388747,0.37536685000297537,0.7901864559107893,1.5176306700447708,2.2177739143187294,1
2.5338139647293114,-0.2874921778021001,0.4681769115548829,1.5059356101003427,1.1525259540153907,1
-0.5923179401966846,1.0940301862827388,0.6052427290196485,-0.46548730930328086,-0.5394766275838304,0
-0.35585942501325496,-0.02376896069580514,0.6102284672301267,-0.2140099185382831,-0.25019464878606135,0
0.2399948068401876,0.42504024330459134,0.7703103383938957,1.403192895020052,2.0285797327106097,0
0.39100400266560265,0.930880232214457,0.5432759267650649,0.02893009996632756,-0.20532487336570038,1
2.0440934311411496,1.1863640187550932,0.5219996745539927,1.412787554168117,1.227341851838101,1
-2.0001350587343714,0.8673923140719029,0.8543612260342899,-0.10395123860040179,0.6672736516083438,0
-0.8303920907520798,0.5846901508270044,0.8136697227946786,0.7043641472258523,1.411712207308903,0
1.2765956133714322,-0.49627508689520183,0.5692393848211734,1.0193779970774854,0.9546982375706478,1
1.5963622441989476,1.1583269125217224,0.4763594559711503,0.6952747969143782,0.2992793357576642,1
2.945241964913994,0.7252245026479073,0.06994679272668991,-0.7693353012472909,-2.6190332971608976,1
-0.5171877388957503,1.5163276747024814,0.6073113043257454,-0.3823553122251284,-0.44247318063153906,0
-0.4550395660941754,0.4036501509150217,0.598568956477368,-0.3832812647692253,-0.4720544401679153,0
-1.310701570102904,1.8130976999791835,0.8331005535541464,0.39061137287450376,1.1346391627683379,0
2.6468360052866973,0.44994441296747323,0.2570071452802203,0.2023822571540509,-0.9527649865473028,1
0.6487617948182708,0.11208859185429731,0.750754770550248,1.6500844659544565,2.2326655145569108,0
2.321530507760632,-0.15679508856946078,0.4705872592542213,1.3260800114628855,0.965166837543056,1
2.906036407618824,-0.8400508825942944,0.2613169858323424,0.4703428936500108,-0.6477993326804025,1
1.6413271109587395,2.765002344901084,0.5926362021473528,1.5119903653225957,1.565918657923168,1
1.714599025562873,-0.25052045420930014,0.6173176691460995,1.7441671341798939,1.8986287548760385,1
1.1351099347542712,1.1078357562896237,0.6850155053891864,1.6606728283247394,2.0292774988843933,1
0.08645131084333968,0.27836494878261736,0.5950052343262837,0.09272421440030787,0.03301285836077039,0
-0.001521832527000444,1.556702316794584,0.7690855438343428,1.1721213118607006,1.773742173791482,0
1.4630422186343734,0.47017930026657384,0.36184687776688274,-0.19122578869758267,-1.037346858816628,1
0.9465860416056856,1.0190190093660452,0.6216659416240998,1.0643254351516347,1.1748565221758316,1
-1.2036417566988966,2.0711703274936086,0.8097373646976167,0.33365930564929597,0.9964489861575654,0
-0.5472946255053776,0.7417169136399047,0.8014782127808213,0.8843660954848434,1.5672585023844396,0
2.011268761951734,0.995803533437409,0.557411345232001,1.6185814430660685,1.5664864818476358,0
-0.040103446730707426,0.9819354522315533,0.5854085466464157,-0.088059504676268,-0.1946011558763555,0
1.6839615110629973,0.9811583848827777,0.602686819506864,1.6183467902760613,1.7142237140199672,1
0.23787169865429592,2.3117084801423435,0.7731864913482653,1.4204086643003144,2.056669169397063,0
-0.3825634540922881,1.6506543960076119,0.591870920452394,-0.3610457255325349,-0.4698110695309482,0
-0.17657283666926182,1.6399046873960765,0.7841409588731505,1.1109336183940015,1.756533017176824,0
-0.22965423358088788,1.8360931752104372,0.7830197840002591,1.0544676995830407,1.6915730435169603,0
3.720861884149537,2.2073455760199927,0.19247025342902807,0.7633793998896548,-0.554740093040545,1
1.4481525512146218,0.7810215587037069,0.6020601391296061,1.396530684976474,1.4713882673756942,1
1.4394157919034516,0.769360824036078,0.7298153539204972,2.2402095627184133,2.8048166198231956,0
-1.2933397952460544,0.8606737658239071,0.6279406055595419,-0.9611634916355748,-1.0033531589353255,0
-1.083748741919527,0.4093175992366534,0.6194763931468429,-0.8241538653680708,-0.8822927027970492,0
-0.4297001124565508,-1.5528905929524828,0.7904819302356535,0.9195869548869493,1.5695480884405617,0
1.5914553194158843,1.9842728185105183,0.40212352732497736,0.19581599157009966,-0.48555088145665903,1
1.4507963492743245,0.8407531794885683,0.6119819391484146,1.4651192729716738,1.578274311893535,1
0.07157628507192515,1.2127739050625697,0.5878971376472326,0.03160583503719938,-0.05656693215797637,0
2.13755611191547,1.2628812686674127,0.47299704157307,1.1723482699899412,0.8061639834990006,1
0.4463490589992667,0.5358616534070074,0.5823981154606969,0.3408375241303738,0.2611372655601707,0
-0.8153267350739509,1.6470983026121546,0.6092693464456158,-0.6444661248488827,-0.7206008724928373,0
0.017666756702601538,-0.5430049127304836,0.593199075314559,0.017198408853235092,-0.05487611428528716,0
1.545933793993214,1.0195324439070277,0.5919082279170016,1.4190944545452964,1.4626982577121632,1
-0.3720832171333054,1.209138120907177,0.795717606691145,1.0076702065023255,1.6822785522475563,0
-1.7025667596238385,0.6320041490657666,0.8330984262269825,0.028928278254706785,0.7420160233574966,0
1.9310867538193226,1.5325908318730899,0.5563025989578992,1.5371860884030042,1.47450559773647,1
1.6023071885566829,1.4949243769444411,0.31387091259814204,-0.3825474270214627,-1.4018504056857712,1
-0.045431649133891416,1.2135179727304166,0.5968110432292227,-0.016956826889294785,-0.08014604981503914,0
-0.37784524322936053,0.8174328731797229,0.5971108930147114,-0.32175625891120174,-0.4100334559922262,0
-0.5009171479831954,-1.1397137787780998,0.6033860619791945,-0.3935080386859846,-0.4674101890891579,0
0.8226733527534166,2.2725723868377035,0.6723308927526129,1.2877437766024746,1.5829913445911936,1
2.6276073629580883,1.1885784044206096,0.39875569392789656,1.129671113388766,0.5171641349835202,1
0.5307808871691003,0.5756454077390172,0.5836913025730545,0.4273848816938874,0.3593136614913027,0
1.1308856675909422,1.248280433843859,0.6964566039796677,1.7330517336040838,2.1452441606961887,1
0.05195599589064026,0.41302869701455397,0.7712256544987013,1.2357463460657323,1.8498041447188185,0
0.8630054563258397,-0.7312329535577781,0.7499412198848167,1.8423950456715712,2.4387642801945204,0
2.1279430550267002,2.7451491277733884,0.3915712916072699,0.6206115290116911,-0.05891663137480829,1
1.9136919981284093,-0.970500603623177,0.39079589968984046,0.417700663670429,-0.28171605330617355,1
-0.9288583570138275,0.2908835357974986,0.7986808251046704,0.5135546855686798,1.1555894766835872,0
3.144720666767988,-0.10501185575840888,0.03650070271271899,-0.8082126527253825,-2.7705608921948,1
-0.3842542750673301,-0.06907273865991659,0.7883484918164956,0.9473072280968667,1.5926655784160046,0
-1.3320297819491098,0.11611416594567842,0.6090261447258981,-1.122974583440648,-1.2408289117382347,0
0.6830483142708867,1.2963874474567154,0.7799670328042856,1.8764867239452543,2.573917044843053,1
-0.033404818606379894,0.9464884758979927,0.6003378594775859,0.017656481607735808,-0.03104431915144945,0
-0.8646615735673656,-1.9539211349019547,0.8108271660943756,0.6537841065209733,1.3475148226356617,0
2.283592584620617,2.606092888159123,0.4719521254635185,1.3001650477835476,0.9414968247485428,1
0.18995627673901005,2.6883747047807276,0.580846807133507,0.09385925807953888,-0.012034677292472096,0
1.5382934266200106,1.040474737960399,0.3907722996734999,0.07107214720704724,-0.6580672535322661,1
-1.118955513026258,1.5920423495365228,0.8020033534919229,0.3602572569829959,1.0000415736050472,0
1.0632619173201205,-0.7118362323501596,0.7408655986843041,1.9667131282986112,2.5440492312980134,0
-0.6351476029307345,1.0746982328799528,0.7963536851493909,0.7691177161845013,1.4254029146801628,0
2.766157068041483,-0.44691098268193963,0.3915442921727987,1.2094661557451352,0.580211769558819,1
2.093662593425022,0.3513088738164529,0.5082932840581571,1.3671566926962688,1.133006310768893,1
-0.4616966263046517,-0.1859894605079495,0.7836493776973458,0.8445034813182823,1.465709504653496,0
0.7473635775983657,0.40634054072028186,0.7342142390039774,1.6308126955260533,2.1576794787872666,1
0.23371679026073544,0.528398740585936,0.5888237658802224,0.18742996485597002,0.11561298856076552,0
-0.3994646210078816,1.1365098435704035,0.7870435430079209,0.9245688810720094,1.5637170386887058,0
0.03220744274767606,0.5744459290085547,0.5971087762274866,0.056684547855157086,0.0007667328551762553,0
0.8132841960725833,0.6519458858072994,0.5769387621679093,0.6430999996029334,0.5714058706005056,0
-1.3123679252053067,0.6155790475814675,1.0635856283567509,1.9257145024543991,3.5544192208055776,1
0.03179011395776987,0.7833599197791556,0.7822544038975652,1.2906629358324229,1.9454671736032005,0
-0.14675319958811517,1.1792914996010884,0.7773866286761044,1.0934243852001868,1.7154484190652268,0
1.08228674368234,0.6570131248970845,0.6871852409713847,1.6263856769611493,1.9991501404226826,1
-0.12334416336543097,1.0770408272231213,0.5938043397102661,-0.10891122685686816,-0.1897928991060639,0
-1.210132558606296,0.4559124442783845,0.8232936468853866,0.4180482327084009,1.1323667327981797,0
-0.4825363910872581,1.2523228784134197,0.5918402736188252,-0.4535192878613069,-0.5702936455427162,0
-0.8550191190021385,0.4475301636194561,0.809929869321492,0.656701268307435,1.3477484816706027,0
1.1497022611634686,0.4790518513922184,0.7279915071953604,1.9606611624186159,2.495398122647469,1
-0.8169034196646835,-0.009512202159283167,0.820486903922698,0.7622634710766983,1.4968467155741951,0
1.3330329464984305,0.9946715298229811,0.6071920378089923,1.3244962497908581,1.4099676967929704,1
-0.22582326023780563,1.0241659464019164,0.6008074649145501,-0.15680376061586165,-0.2188903439000539,0
2.805892646884495,-0.8218106667418438,0.3813235439975674,1.1779981986203112,0.5126439407886211,1
0.07136060408010947,-0.9763921569842494,0.5858503556223403,0.017760904076421724,-0.07828627327247839,0
0.5994612849696427,-0.6438632353912851,0.46638712041951164,-0.29129258131484903,-0.8042611873624789,1
1.3618307200455293,0.868592278863257,0.6540126826144598,1.663227576471825,1.9307118085695225,1
1.0896194392556429,0.8337859117907477,0.5545412707968522,0.7488176592546039,0.6129543898655437,1
-0.39484754346972073,0.6103526198433806,0.7826006036757271,0.8992091563319045,1.5216657764844286,0
0.36712796406533144,-0.5875984190295128,0.5548479734928493,0.08404458607660747,-0.1076711468631385,1
-2.0554583937884767,2.9193295399816943,0.8444825222128646,-0.22087267143692757,0.5080619449311089,0
1.8132243633865004,0.919781934142537,0.43089600121168664,0.5923217157163515,0.038914745558490726,1
0.4735498415271814,-0.3393353938187543,0.749815392084996,1.4821111397087074,2.0472556558446584,0
1.7631044077667033,1.4157372125392969,0.5666056637355756,1.4508384985411313,1.4144507260831058,1
-0.8044945322505278,0.9918040054025465,0.8042814642222215,0.6656746951127833,1.339026421272239,0
3.44367819862919,1.1432980290363879,0.10730443111579668,-0.06024457506585723,-1.7271863816124449,1
-0.39806936744870014,3.0929995174327907,0.7870139321956233,0.9256592045205712,1.564803823616566,0
2.634424278993342,1.013799097451498,0.19988689858693964,-0.1898930109119693,-1.5652987178791489,1
2.438572476671391,1.9920022863445994,0.25507224251232624,-0.0027329099657820155,-1.181747327445644,1
0.9326054559528069,0.46041037184482625,0.5604986052165327,0.6436203046647865,0.5182327299490102,0
-0.4418615553096258,1.5640871682883573,0.594689983100646,-0.3969797892343647,-0.49960373762854215,0
0.13601749538904662,1.6786808334312955,0.5941547544589455,0.1328007982323115,0.07373704429113792,0
0.8304976001911885,1.6225704320096401,0.6045355151493061,0.8429741794399652,0.8785798826970962,1
1.0766531912968864,1.6725073373098023,0.7369381771479381,1.9528884301610536,2.516204606600044,1
-1.0228036130085352,0.5939290884601066,0.8129055771003891,0.5216848879952468,1.2109114682176787,0
1.4721628969795693,0.6146881947291971,0.610142748938846,1.4725775031923969,1.5803586487504064,1
3.0808273422909536,-0.07771536975210613,0.2772067102075082,0.7376014111732413,-0.30574467773286307,1
0.25498591984047203,0.386557129069792,0.7638357564067346,1.3738628692823702,1.9755777770906868,0
0.7864067956367161,0.4269281757161304,0.5747718120399854,0.603846683988444,0.5217122890740656,1
-2.1495524091743152,1.8187618516973165,0.8496663021700055,-0.27315581157572977,0.4682514911418837,0
2.881445428141228,1.6098170893426342,0.2513954745045281,0.3815002509207962,-0.7766707244125993,1
1.6102051590270898,0.7798941511534785,0.4594747981771427,0.5954812068960215,0.13575997405166207,1
0.6958686864176821,1.3326400772155793,0.5778136633643732,0.5405652285266559,0.46296156200788596,0
-0.2832963626974483,0.7979107834626478,0.5876063468173086,-0.2978597984267869,-0.41516075363496874,0
0.109339607035989,3.1797093376543186,0.7082375562284562,0.8687672465369134,1.245549798974833,1
3.9924718372347825,-0.05135689379182906,0.18081889829629394,0.9363802444086318,-0.4050280695091858,1
4.378559708620231,0.974056569847572,-0.2255599168996275,-1.416605396255442,-4.287584279073824,1
2.9825196602813953,-0.6242982362893658,0.3738819490638733,1.29140169985829,0.6114219786226767,1
2.996184263556294,2.302214944635238,0.3242439019115782,0.9730771059350403,0.10362064984354469,1
2.1693267148561515,0.7042011039518761,0.32081091626176905,0.18704772658465751,-0.7608556072993903,1
0.2172394129320675,-0.11840726556919745,0.5786066168955297,0.10410469525108135,-0.008235505386594455,1
-0.988200624330073,1.7727290192593648,0.6068638537380779,-0.8200561182931586,-0.9190711048885093,0
2.48766316114435,2.101333651955487,0.4529791051910534,1.3620175040570581,0.9466221210979119,1
0.9080153947446027,0.07138331825024313,0.7155307669016009,1.6545225614134371,2.122346470639672,1
2.0565704890688337,2.613387247526623,0.5264289630013897,1.4538331672610254,1.2863759236142056,1
1.8082479795520472,-1.3754665663538712,0.7096977297554419,2.4464963996454214,2.9629877379264173,0
0.4449268544553201,1.6240625258114623,0.8255670550967895,1.960729157002982,2.814417149571287,1
-1.04799271204757,1.3223813578277714,1.0723576596613098,2.2282005594453995,3.9114486595457656,1
2.3815250210760768,-0.8026052717996935,0.2993766795274626,0.23999270838502496,-0.773444579582277,1
3.542825250503985,0.4147123411222917,-0.10929787279842018,-1.4128224000385994,-3.903451968861004,1
1.621370078254405,0.8239141340646614,0.46463472883826673,0.6401869742373071,0.20115548661193727,1
0.2449709521739486,1.5190764829877685,0.7602169838624282,1.3404933224152482,1.9275256037005741,0
3.014541571026341,1.4335289616089246,0.14911222354613468,-0.177580845656777,-1.7179007423830392,1
2.17968361927265,-0.9929937335316693,0.17713133735111358,-0.7613033851105614,-2.2599603011941087,1
1.8422021072000607,0.04641175829200539,0.43382769035837276,0.6386120321909554,0.09874687287158124,1
0.8582230406921006,0.6212715767360616,0.7397784506589375,1.7702260986570382,2.3272040089159463,1
1.6084549847708964,1.847742072673734,0.40417090863577554,0.22515556505715628,-0.4470097534361598,1
-0.31150364724735435,-0.05141800361444837,0.600480504557024,-0.23806164423955212,-0.3081665758912727,0
-1.5546705811392036,-1.0685840738775894,0.6265160211661693,-1.2118543826533652,-1.2801410279356071,0
-0.050680454710738454,1.9800913541474516,0.5839357317347077,-0.10764070985613661,-0.22067124191277476,0
-1.3814511841834118,1.1228354880354996,0.6287647157786275,-1.036990876497038,-1.0829719419148818,0
1.9177608263740429,-0.8183657329330317,0.5986137756780062,1.8069751080187024,1.9056709846629838,1
1.7569934169764458,2.2699045043514063,0.5752973513251719,1.5031457786319393,1.4996421285364905,1
-0.8654419198997935,-0.13552994258976658,0.8029995318320984,0.600877153338686,1.2644967911304534,0
-1.708179353617553,-0.7668786984154211,0.854280418646637,0.16496825412002003,0.958928456276529,0
-0.19814380537952747,1.5980101098596522,0.5946700616002208,-0.17217521452777573,-0.2556377792513427,0
0.11340529951272671,1.2387302220291847,0.593988642299576,0.1108235812401328,0.049337246177996064,0
0.9501354974804594,-0.10199168780675538,0.5262910484421925,0.43173817095942957,0.17641504297081778,1
2.9762526600218884,-0.37161403851065156,0.32810053734298433,0.9803935279949273,0.1241689969931482,1
-0.11527622607821553,0.6281811573691283,0.780750381170123,1.1449019070484765,1.7823236751325466,0
1.515208980663962,-0.5035893172157709,0.49515757185963516,0.7457018279692808,0.4154645647551398,1
-0.2826771383105786,1.6302834540318423,0.5928451094643554,-0.26236152580376304,-0.35950253232656426,0
2.0432363385641343,1.3189533106650666,0.5102153640852731,1.3334306584075282,1.1026785473711578,1
2.493148930129142,-0.2392096673390064,0.4269652716266079,1.1936466522329732,0.6788198608131838,1
2.051178034568603,0.7255764534715422,0.2607804756990988,-0.322218861890205,-1.5098989398741125,1
-1.190871536016151,1.9902075490173132,0.8153375967677681,0.3827821573391811,1.0680785692928314,0
0.9534687753221849,0.1467719506727248,0.6948449378410505,1.558561242757921,1.9505622473959319,1
3.1361057151407294,0.7846803058649083,0.38276551823678795,1.492379391275546,0.8586260921179262,1
0.5172589022936033,2.2777008140764408,0.5719104587375594,0.3363621346427437,0.22199811052535712,1
-0.2941759556307192,-0.6276078151369925,0.6031831607610358,-0.2040506120535044,-0.2624125635975608,0
0.7836582291302486,0.8010990467149675,0.5547615994888808,0.4679020820002504,0.30873358406144646,0
1.377710787553898,0.2751686164913775,0.4912572414661292,0.5927954926489833,0.23673184310247075,1
1.76032183790059,-0.009782904319382224,0.5651419538764555,1.4385118123259941,1.3962853663323895,1
1.6139777675151237,1.3783610761666378,0.6249615098882677,1.702260920621863,1.8781239197443145,1
-0.07879918666819996,0.049694846154579864,0.5927283404180423,-0.07497246268981683,-0.15646862771895587,0
-0.830807257274902,0.14111573713105996,0.6001858098161116,-0.7193135755740422,-0.8315410397328701,0
0.3022733340846646,3.003415585238275,0.5960582342302647,0.298935799776509,0.26030271301996033,0
0.7690161883665501,1.3348777860498173,0.7425134583564093,1.7061275937525777,2.266563374089344,1
-0.4538835526397377,1.9017412893987982,0.7867107429822475,0.8721245801889224,1.5056995944912241,0
0.028068250685382545,0.3231867001110793,0.8642485336583423,1.833881697450277,2.803159168701628,1
-1.7828341074072847,-0.07162336793805157,0.6250374558968118,-1.4322937006302423,-1.5242664933245131,0
-0.5634351629573154,0.427053940076577,0.8007138650823562,0.864373416244544,1.5430575177557895,0
3.0026341511973795,1.796631486645651,0.33234811492877536,1.033060664986158,0.195224569805576,1
-0.26685463070587956,-1.3982006845321076,0.5847079134515223,-0.3020088490776166,-0.4291387633459337,0
2.771891909348113,1.1655096456315441,0.4532671710515954,1.626264735610687,1.2344108036717558,1
-0.1547971160991286,1.7965715016644914,0.7891140982190044,1.164187206507192,1.8305968414787408,0
-0.8043415571404281,-0.45341556317365617,0.6068900545190331,-0.650190149979914,-0.7345916392576316,0
-0.7041419952658424,-1.013561397876741,0.802760042425416,0.7481509843518782,1.4235834563101268,0
0.7816590021184442,0.2208722590125129,0.5323998688751844,0.31697153585187593,0.0718008483648036,1
-1.1766954239939689,0.48877393865129964,0.8188686657817217,0.4194074815158625,1.1193782950969935,0
2.8473752290114214,1.8897527540827457,0.3741923234615928,1.1687404662131404,0.4792846148235467,1
-1.6523639673447197,2.327543170100711,0.6209672146083184,-1.3390135525091518,-1.436312921946771,0
2.528054236366891,3.201683114180395,0.41682860100839036,1.1582811767957022,0.6072960012504047,1
0.4008429273406744,-0.8643748802098202,0.580422271959955,0.28566507220224024,0.19478772750415152,0
2.4307347123377614,0.42981537747507154,0.46257434090734156,1.373447152666797,0.9903932442837899,1
1.516322372013596,2.326963851233405,0.5823925609313019,1.3283239927719999,1.333060752941218,1
0.3580498195295738,0.7486674572021115,0.7729161535921327,1.5295237826064731,2.174232748709855,0
3.7146072536238344,-0.5958830620351844,0.20552052643714813,0.844612742676599,-0.4239018056061089,1
2.2760807206873475,0.6438114719791096,0.1706971995567047,-0.7152307496236544,-2.2309785529145905,1
0.15672390734090746,0.574973041254856,0.7701184855647636,1.325059589231766,1.94313693533356,0
1.7520766821426799,-0.6968319479558466,0.5516044478130858,1.3406476285785975,1.2458012598128718,1
0.78187417327145,-1.5533901136037147,0.5355806411835387,0.33837629514028117,0.10543324945997257,1
0.905847224303887,-0.5416891141335051,0.7280860596507049,1.7362274434468907,2.252078683810485,1
0.301641062524057,-0.6096947428411076,0.7704495232100543,1.4610167679561963,2.0918039689283985,0
1.4242266103631482,0.04250821499216639,0.38903773933812225,-0.04576922052225574,-0.7905712837151931,1
2.050806102304515,0.016922561431061522,0.5438511249171841,1.5646663047536147,1.4636359343567498,1
-0.9933059489305865,-0.6829922241885696,0.603945665631727,-0.8442235609042666,-0.9548441598567933,0
1.7337772636905568,-0.1539645888666763,0.3372835207673837,-0.10511658686127279,-1.0241633840618092,1
-0.4938455506129019,-1.9910422921449098,0.798567132538117,0.9142883659488241,1.5902244382919108,0
2.9168127745022616,-0.7698029795790778,0.14358866162402428,-0.3046043915218867,-1.8738428959605642,1
-0.7326876696138221,1.1999287299962045,0.817254224903511,0.818437508765544,1.547258401590029,0
1.6625142851678998,1.964140429973844,0.35882985113155463,-0.02723908345414283,-0.8691968807721714,1
-0.8451000000880716,2.4260097135469363,0.8009146499742917,0.6057516881472683,1.2629733686424687,0
1.763445689769651,-0.9256563145700948,0.5661769287140428,1.4482951111297044,1.4102884081781772,1
2.1017151146480604,0.4328782862135885,0.4995472766734576,1.3162791835459986,1.0491894058596536,1
-0.09437710749692696,1.1079913269125437,0.7760944423036736,1.1331494995404232,1.7543472697748403,0
1.1065387477490543,0.9465038817307158,0.5772818267802021,0.9160442018602049,0.8688151102059164,0
-1.608712060586317,-0.546345393018688,0.6301188175842126,-1.2377117452741264,-1.2964333903022403,0
2.590221978650694,-0.09290519779590733,0.24986461760685824,0.10251164239433436,-1.084523857479828,1
2.335033511177079,0.7053755061459599,0.2765188388986976,0.04469079853865543,-1.0601651925145208,1
-1.1556271841376433,1.5495541354413236,0.817488777743703,0.42965255260996993,1.1259891396260389,0
-0.30180019389818824,-0.28480271402690094,0.7856401405937795,1.0053510340583531,1.6468208157785669,0
0.5456601212904065,0.23755905859686782,0.5886668503273192,0.4742894684073346,0.426493355876853,0
3.2996824147307158,-0.0881503451777238,0.22365355885318278,0.5825538056963483,-0.6491019904372483,1
1.7879393801704198,1.4604734883597454,0.6143113716351922,1.791813093357399,1.9405229683490064,1
-0.9180264436879925,1.0956818879726047,0.6162093709888646,-0.6929829617985165,-0.7505822714033389,0
0.8568299544008078,2.3495767431869394,0.5184799573915828,0.2935461044935245,0.0008719295883944378,1
1.7718450457784698,1.540771187988216,0.41445768745395833,0.44453696822841615,-0.1752412716774131,1
1.6516438584115343,0.7704162223754877,0.7143963824914938,2.3332857092652186,2.855453145349538,0
2.060601523967799,1.194754341665286,0.333986878617242,0.17454463643157087,-0.7313597578891823,1
2.615617721991549,-0.3913923494563072,0.20800493322083863,-0.15312754136093032,-1.4988534450777955,1
1.7833045039409128,-0.04351823038014302,0.5949124411321901,1.6582029462482106,1.7320764711805623,1
-0.8854929916446629,1.705525932957984,0.6030055595888926,-0.7509861103182559,-0.856705463901723,0
-0.9517430287634473,0.39067632284813386,0.8198003916410264,0.633237339785504,1.3545415699838759,0
0.17939579414363782,0.3558433647093513,0.5921130495568875,0.15922443902876487,0.09574685621739787,0
-0.172983805991464,0.04881428367146656,0.9335734759984944,2.1105107881340834,3.3300495287374003,1
1.5008405013518855,1.4534155587803077,0.3446032308953566,-0.27130333492561265,-1.1806373818932836,1
2.387303372754536,1.3589285897867651,0.19138302139453323,-0.47466656020935016,-1.9022242642159006,1
3.2394095741576963,1.5553052085705108,0.32740156530639214,1.2186121059274813,0.38047658393030515,1
-0.2772383561123245,-2.296255378193689,0.5924405889756315,-0.2600387772952085,-0.3583033860431819,0
2.9628168519832068,1.2337768809320986,0.13130404050632544,-0.3440467016645433,-1.956813269464282,1
-0.5019538537380325,1.157810306351862,0.7979656540128048,0.9027948212753576,1.5757818506159436,0
0.3067838700785782,2.5140313538667862,0.5832847911345886,0.2179383801080761,0.13062540012492396,0
2.1163285554216196,-1.1607627591558178,0.48207832722687854,1.2133012793636908,0.8803035159819945,1
1.4094809233146486,1.827668992473292,0.5205260046642537,0.8172519650725873,0.5760558583828793,1
-1.679904495624656,1.3276295436369798,0.6164355057586483,-1.3946447132738542,-1.511514757781431,0
-0.5263878074076854,1.7487657003721035,0.6002668608417269,-0.4378116591250628,-0.5256986278841148,0
1.3338925258054883,0.23467844868789128,0.6330392645606162,1.4976127256775968,1.6823768648052146,1
-0.1665602926639258,1.141462728204788,0.7955019181402507,1.1959179893349527,1.885921280712331,0
0.17399065289687854,-0.3730689408815555,0.7650497815065662,1.3072028111364853,1.9071848749725309,0
2.9733207698295216,0.6760053914124114,0.09670347324933526,-0.5650337371856774,-2.3097991920842667,1
1.2786095935428632,2.213711269058647,0.5731372371685444,1.047223716632255,0.9976663843301127,0
1.4820998117747486,0.6884068862918473,0.6156691152114606,1.5185929150355397,1.6483735818539902,1
1.6842754030438574,2.1284684264125318,0.6249128061624745,1.7668168663872708,1.948041840687614,1
-0.8551549935728392,0.6768218910602554,0.6154280244733346,-0.6401654759919891,-0.69580153656199,0
1.7474377326110657,-0.23534705325975736,0.34078767602276255,-0.06914660514032533,-0.9736630221479597,1
1.061543349888547,1.3591551603026468,0.7402322434029796,1.9609044182779827,2.5356734804701286,0
0.39558182755182947,-0.8789115687741288,0.7610803149874604,1.4852542695589084,2.0874892593529366,1
2.4671300345030662,2.6562071299403223,0.414571211352524,1.0870016729058816,0.5225415591917878,1
2.1817102658842478,-0.5032083657216831,0.5378636698659376,1.645564991574091,1.5318823179175007,1
-0.8478319954052979,0.899292580406492,0.8094513390385483,0.6601442124733043,1.3499217129602181,0
1.500608216888958,-0.7340254949182045,0.506132602856309,0.8053965601050027,0.516138799189756,1
0.6654247947178952,0.7200313267182613,0.5811930505983972,0.5349976087478567,0.4679639731936188,0
1.8720618031306673,0.5374068721004776,0.36570063248995754,0.21196857173507838,-0.5870723705937814,1
1.8542398001947658,2.890942572590742,0.41246991004723366,0.5073300755461974,-0.11357520725525205,1
-0.46026088117505737,-0.5196698946261439,0.6067827221828758,-0.3333391645983128,-0.3909926839705603,0
1.6014936639607265,-0.05689427897139576,0.6230071424735544,1.6777090720498706,1.8450840232700965,1
-0.26508902308326354,2.7422703586118637,0.608111520606346,-0.1443477423931795,-0.18149425113133422,0
0.03297570504281977,0.8387891590265135,0.6028939555304648,0.09596332678504038,0.062314862038709284,0
-0.01901440730142223,1.4836599374866724,0.6028108217324163,0.04742520724911847,0.009353760967773073,0
-0.8764800656053661,0.05375555174751723,0.8164064963791495,0.6800736461832023,1.3942899439369665,0
1.1428798979740145,1.192526949201183,0.6939372325356662,1.727325097168038,2.1307926813409366,1
-0.09770633671639095,0.4273727000591804,0.5968612461094854,-0.06486863896748407,-0.13199144059993329,0
0.9467089518210171,1.785704154662997,0.7041304515565732,1.6142287190449474,2.041342267769699,1
1.067408458646626,0.681829358547565,0.7467280073664193,2.009624750731874,2.609793344067543,0
1.726100330090917,1.862584103427182,0.5670280890589224,1.4195021787605804,1.3818151367881133,1
0.11913252656389395,0.5295012219409088,0.774974771289123,1.3227417138702693,1.9564945650798116,0
-0.9132600884258878,0.11681353770062597,0.6068299228971255,-0.7511165533035268,-0.8443463658028764,0
-1.2704359987462683,1.3081086766885903,0.8236397713898134,0.36469925197898345,1.0755864364250929,0
2.7406664491579993,0.8811914239693758,0.18247072953953447,-0.2079510097086058,-1.6418293702253886,1
1.4837517889090461,0.634083468259226,0.44940084882541376,0.4116091650481438,-0.09676651833836691,1
-0.7748361172296497,2.1307508323436974,0.8026075209525829,0.6818875386777331,1.3511542559905545,0
-0.1055914970285402,-0.6946814757209058,0.5928065220483332,-0.09917898004459558,-0.18248986482956553,0
3.316986837894043,-0.04927754506600712,0.06750849038357365,-0.44249240916103727,-2.2722071155822037,1
1.9323677578130574,-0.20367456796973082,0.3462968807158174,0.13826291323783857,-0.730506783113993,1
-1.8337911015544672,1.0219207542352846,0.6176599807104426,-1.528509593598057,-1.6528260439161664,0
0.38794606923874564,2.2839276914578686,0.5837739506631674,0.29610761741670744,0.21707900856049556,0
-0.6344299635360476,0.13229879868810862,0.604297960501178,-0.5106530316368637,-0.5915933314535681,0
0.4753968861690563,1.0535343015139798,0.5807292238026084,0.3565205094441002,0.2727064378924934,0
2.378136454698844,1.5638791167949098,0.3908691874318084,0.8468446507318597,0.18437020039491914,1
-0.3005511629202533,1.685895565831578,0.7792204966342483,0.9637041323351343,1.5806281543768401,0
0.31841649294726415,1.5343199112392738,0.7731859193026793,1.494743038403901,2.137359150704392,0
1.2031439703819853,0.5966255425890479,0.6252944682968462,1.325304910329051,1.470016937270092,1
-0.048649215518722255,-0.15341787034618348,0.8933043214287171,1.9567904816755912,3.0315544363397398,1
2.0345063257133496,0.3491669835449526,0.5286533793113183,1.4482993756717246,1.2876398024193327,1
-1.4996816359432215,0.26291402888196064,0.8238246585550016,0.15435142452891626,0.8478528676988526,0
-0.7266818566126464,0.3752345981073164,0.7867920048297549,0.620889290895779,1.2332429273080945,0
1.516169654741185,2.852435805344309,0.38080293741659815,-0.01581242710485964,-0.7849695226068253,1
2.198378656362553,-0.16997323105864182,0.23301348426414037,-0.37148338006670245,-1.654138797287322,1
1.058980088720161,0.3193249231332259,0.35554565894438717,-0.6061619173978033,-1.508367361225123,1
1.3080938974036447,0.20036381438539763,0.6652956982417583,1.6888553188104716,1.9954121697282416,1
0.8546775589882546,1.4502217421134929,0.5804678692706513,0.7048321925790829,0.6499533272912835,0
0.8407692579225264,-0.4227925651984056,0.5680510649600419,0.6092129575764623,0.505569407745902,0
0.41113882959979864,1.7894704889246404,0.590118151812618,0.35980990302786897,0.3069667494389354,0
-0.9914413231764364,0.6786351903160905,0.6063185223230947,-0.8266828135942114,-0.928047075881549,0
-1.4011318131410682,1.5962668194471399,0.6219580350433195,-1.1005350134493979,-1.1741997155416661,0
0.23092297522927097,1.1436001545944323,0.586876806401852,0.17187108090307035,0.09235939792160364,0
0.09309906817728952,-1.1608088119807758,0.8454569063596773,1.7686178402653612,2.670889397345678,1
2.1301149556251953,0.4659828333270823,0.5157718323625643,1.4506595022540707,1.2480958641371618,1
-1.1892222791180367,0.5726954604900681,0.8285575493785512,0.47244158297010874,1.2086182154319034,0
-0.6182621198910357,-0.492312764672579,0.7914574113244769,0.7520586450165541,1.390880408195518,0
0.9475459542866546,1.0300416471910696,0.5782229923031842,0.7755777853108876,0.7194116352238084,0
0.5308884803893307,0.9996879517526416,0.8167318404390724,1.981162502930823,2.807718397281658,1
1.1129227610267654,0.378746376414228,0.681637160265143,1.6176719656470673,1.9715561727172388,1
-0.8068142580396233,-0.15574515949284473,0.8171119148315528,0.7490741742972966,1.4714975712570353,0
-0.753017385800275,0.7920491164900316,0.7976937750029804,0.6692650840920669,1.3213906983560617,0
0.4720495757567743,-0.6257656630023413,0.5919133117583804,0.4279953084464009,0.3868515786526515,0
3.0542336466480964,2.1421099525678757,0.3352529835755606,1.1000507382681426,0.2774391407241118,1
0.8179006586783649,0.6488600703257044,0.6100377298468039,0.8680311266027618,0.9237649257940889,1
1.61252283802731,0.7365353310827374,0.5688836654002524,1.327047824790915,1.2875189100870084,1
1.8175318459030922,1.0599721429391165,0.5246820246734423,1.2215675054136994,1.0285354304878536,1
1.480616458536379,0.227166847908233,0.6378885027279596,1.6653602413515283,1.8803217597621464,1
-1.1249595831569645,1.6913101205942689,0.8131846607888912,0.4292614817655248,1.1114957541579384,0
3.536695106330549,0.30243649664000805,-0.05253437735687294,-1.0400386623814062,-3.3132429017680405,1
0.15947827513051183,0.3050503217079722,0.7401240552295192,1.127629223705625,1.630778457195687,1
0.23447024327742716,1.9757068133116196,0.7164590534407616,1.0390682065115553,1.4572894265342766,1
3.41511182822828,0.170594458874747,0.10980140051178167,-0.06996241981372109,-1.729573504445765,1
2.7388104280666776,-0.24696134831832783,0.29479626379746765,0.5392089065676557,-0.4636098024898526,1
1.0072155010918418,-0.6239402667622566,0.5101269413490642,0.3766538162721441,0.06378395606403398,1
1.7537224530156248,2.242015160136369,0.328195989469557,-0.14729478661330342,-1.0996533069578898,1
3.23794460168335,-0.11682232060280495,0.3374524926723168,1.2842694266846573,0.4846027419990694,1
-0.84992994458645,2.3359638031652494,0.6080519293812942,-0.6845193905972359,-0.7680590812528593,0
0.27445540708966043,-0.02556270150952944,0.5787653012530055,0.1579696961575105,0.050755012844599046,0
-1.3998054384975114,0.8244518185599721,0.6279821544368624,-1.0591481185305822,-1.1095821493748996,0
1.439748675234898,-0.2984679817910373,0.732830865764751,2.2606211741169733,2.836830746739317,0
-0.6867217119246823,2.100759790634311,0.6081370464761625,-0.5333201541744447,-0.6036502474470399,0
0.6357087858271943,0.2513478655921408,0.5809552277245813,0.5059858886690506,0.4356936424766802,0
1.2268926254556383,2.1945050632249723,0.4731211418038842,0.3326859024423065,-0.10490519710839463,1
-0.2591316505096062,0.5614915304992928,0.5911126379034466,-0.2521807679828769,-0.3541139913358613,0
-1.2672386864640828,0.7605739810498646,0.8174524537554048,0.326399417918935,1.013786507101159,0
0.42291780504262644,0.9026354652390332,0.5798586535750552,0.3022812712774845,0.21098273409382318,0
0.04957982501795655,0.5011103468088574,0.7690570885615304,1.2190954760642603,1.8246408104023284,0
-1.5785188265208654,0.9933178393943718,0.84012136342396,0.19023918137072549,0.9400789824404436,0
-1.3744313899020075,0.9992231226052792,0.6289856239446089,-1.0290392203202434,-1.073618134590392,0
2.7609923122749445,-1.366356589376002,0.44784497173458904,1.580055303464284,1.166525747153989,1
1.039307173223003,-0.4651136630753726,0.7462350873397728,1.9804025975557469,2.576460746753259,0
-0.21104778694186133,2.2391168054440675,0.7741180398026295,1.012292557987239,1.6166937226665876,1
0.569565485388872,0.5530794211208159,0.5678806601505776,0.3577714701843554,0.23206628442635635,0
0.6253217332165323,0.9216978061960136,0.7618272608151018,1.7022707970046524,2.3255077540363196,0
1.5215418036386121,0.019476550195277276,0.627476192108293,1.633713225295537,1.8119333977655847,1
-0.9524081688012266,2.076540349725896,0.6132110783689437,-0.7447048850610533,-0.8165282526344809,0
2.430527499952281,3.1581992856682524,0.433821045633867,1.1815580516429853,0.6881068479863308,1
0.853271912082701,1.518316606002313,0.5816846901282993,0.711647391031638,0.6613288209471756,1
2.0531142438386176,-0.06290091755094818,0.175745825813221,-0.8873567881268839,-2.401323293774174,1
0.6568222868198657,0.878994162223802,0.6067417119286902,0.6973905933665372,0.727756598196918,1
0.6199540029652219,0.9885786045309641,0.7501272135839787,1.6193126254212755,2.1972106044579265,0
0.5757826255051027,1.3011727423108983,0.541274514709302,0.18612669583329344,-0.04122599189308784,1
-2.1385945999255713,2.090726136849952,0.8522259587442034,-0.24597718922368927,0.5061213260956648,0
0.06201802722462835,1.417766299200287,0.766995313128747,1.2168293867703688,1.8154415870591798,0
-1.8196249674270746,1.7608267873785195,0.6206953630740982,-1.4951982150704008,-1.6067439413608895,0
1.7509170791461162,1.15623000940066,0.5342885198734989,1.2241323094670349,1.0627203436215655,1
0.9028015662738892,-0.38962813657033757,0.5284735259104615,0.4026022390484929,0.15192111346996817,1
2.31227969072771,0.7845513031970369,0.4786948047758674,1.3715949457007344,1.0410755907310887,1
-0.9130216392390157,0.7195803684141533,0.8014614592402984,0.5467095129928079,1.20066894344495,0
-0.43287910845658006,2.1739867632900327,0.6028145024700757,-0.3345234422730414,-0.4052491682036926,0
-0.8958930455293644,-0.15427585001935795,0.6154083813051114,-0.6778953031731433,-0.7368224299184151,0
1.8280993812837876,0.9098207102270275,0.42190563601023123,0.5461118460363397,-0.04063405060446068,1
-0.28965764236635183,-0.06809045364304878,0.7841072788746927,1.0063383373270662,1.642882093081155,0
2.376176594664789,0.7222975030322838,0.242009203785868,-0.1474118152379722,-1.381499111756403,1
0.07633851747557863,0.6380034781682002,0.5920943691744701,0.06398398970089114,-0.0077001311679413265,0
-0.15120913687617266,0.21182318145877121,0.7860060521929866,1.1467774003171782,1.8015387838587902,0
-0.7469028981171123,-0.013402663540939774,0.8027347486331535,0.7085165101198161,1.3804765500064993,0
-1.2536612457838512,0.5908810033557964,0.8190383231738967,0.3495035819590799,1.044050395755883,0
0.040427497319833416,-0.9565818986597511,0.5779201190259177,-0.06365935197191885,-0.192591595539789,0
3.4875747537079254,1.3533416211045326,0.2513610665117336,0.9406931735547063,-0.16976507303084742,1
2.470630372369676,0.23504727045711465,0.43752180360805726,1.2432435906963624,0.767164735904055,1
0.15434462592703724,0.9088330125989638,0.8382668684575363,1.777208056999847,2.656712217165612,1
1.064206641925773,1.1689830791852753,0.5967106887686935,1.0065060930638667,1.0305209166943072,1
0.382969186054418,2.7573082132655036,0.7661214015823429,1.5072223913150262,2.1278140144752618,0
2.043740536587404,1.773473857485325,0.5597103627029589,1.6638785338986306,1.623172423438958,1
-0.8784013139306698,-0.5701130260593595,0.8073933329278089,0.618209798318723,1.2976738362050524,0
0.2670077981317306,0.9287624103034804,0.5884254902220852,0.21550034141393554,0.1447822515505115,0
1.5450097917451728,0.6030460201534145,0.7098953575505673,2.2048603550959798,2.7013316601307444,0
-0.40422375814448797,1.0369381697463498,0.7905221107508252,0.9433680398265019,1.5954943982321916,0
-0.6942562766489596,-2.2485426206300754,0.6150502310666907,-0.4941840075155718,-0.5385698380596743,0
0.6220427163667923,-1.0929568141953854,0.6959808391984659,1.2602471938270021,1.6304476912659505,1
-1.2701411369552633,-0.005615539736864128,0.8203257741392818,0.34287701460238085,1.041065379860623,0
0.6574570868729377,1.5960476858058164,0.7910127513101844,1.9265091663704457,2.6643228194031274,1
0.1271276293661071,0.28359155030519806,0.7748560358119444,1.3293291235443174,1.963257254915535,0
2.1287093973730715,-1.3937356425714555,0.2810728638295565,-0.11537280194148436,-1.2190325539919855,1
0.9555824946010509,1.1500520990245517,0.5531757053642106,0.6160051020640516,0.46431936158860254,1
0.11898641580289204,2.077530081055262,0.8978895545483838,2.1420781676920297,3.247676678353459,1
-1.6551938597650748,0.5192834198914177,0.6252229172048773,-1.313252664191431,-1.3944382072527484,0
2.9068578256662145,0.5117179516487451,0.257309171831904,0.4443809697542582,-0.6890820030863803,1
1.560007598846696,-0.0013676439512136929,0.4395364627286982,0.41622313104578146,-0.12400166228026954,1
0.21530148939776417,-0.6096410186912055,0.6673973707362981,0.6942829368884074,0.9226483248026293,1
2.1764646495767037,0.03575240134261137,0.49786288474198287,1.374038862460401,1.1063832320793576,1
-0.2963621607001993,0.6405916912038824,0.82452901396097,1.2696416512150401,2.0608310633794313,1
1.2587946987555703,-0.07349062424386854,0.42899993766673405,0.06797416145298907,-0.5364755061819192,1
2.387156896837857,-0.4448091940210336,0.42791180094951187,1.102132633132739,0.5825729892875159,1
2.11322974125479,1.0558877720816076,0.4976123084102987,1.3140061091720217,1.0403970946607406,1
2.6662961532507516,1.138296079049633,0.43819925988867925,1.4283483852472458,0.970315093485604,1
0.39927066106716314,2.8105230015913514,0.8033988367422751,1.7707958989784434,2.5357785130482458,1
0.36146400340788587,0.9074066978091007,0.8099953233147588,1.779881232550033,2.567202810662366,1
-0.6901447086996743,0.34095785417929686,0.6025216917587314,-0.5739168811646801,-0.6660739370615004,0
-0.8213774957000374,0.9649610024662254,0.5991737793878111,-0.7173576449492306,-0.8327258514660584,0
1.0719047817394265,0.3964196398976382,0.5747216896086453,0.8670106516685219,0.8072196250470559,1
1.9520125430795097,0.04814185410755323,0.48909907162014626,1.1084543150297406,0.7894381820263878,1
2.1689606514384794,0.5803622010733187,0.3278729517650541,0.23379237261013552,-0.6870294295821214,1
2.517177265381148,1.2731813512699584,0.4467310057727295,1.347601315914162,0.9105498186203038,1
-1.7725241774530045,0.44147042697302996,0.836002083297175,-0.016279728402550542,0.7024327684348372,0
1.4925762566162128,1.1296927543567308,0.7126699734232224,2.174965562884466,2.677949491444807,0
1.1699163461935818,-0.9558956462036273,0.6713260697862632,1.6015298394820676,1.9203296208140865,1
0.16275263893363723,1.7870303055603802,0.5861816394806448,0.10431913312997293,0.01675775053755446,0
-1.7251983577391843,0.29477529564533234,0.8354011262808301,0.02339269392262311,0.74353384218752,0
2.6658066874213886,1.1639091200523595,0.24433698431005052,0.13541929689313575,-1.0668699389771357,1
2.735842779075919,0.16254169967658955,0.3581053107986912,0.9585505538918848,0.1985345040686034,1
-2.5379836116745427,1.342095372009307,0.8690191903400513,-0.5026298911773021,0.28241033943647154,0
-0.826108791483383,0.3426234625766549,0.614197228731172,-0.6215632106021408,-0.6796314073319168,0
-1.551668948264283,2.676747983560841,0.6265409805078854,-1.2089176454526713,-1.2768715405059838,0
-1.0417574812548094,1.036323669674032,0.620100472682787,-0.7812376293915874,-0.8336661096589101,0
-0.0767718137311274,0.22938566791389403,0.5883672085116284,-0.10217692596339412,-0.20025499650446488,0
0.7791539895304809,1.0909749516382514,0.7400361165708332,1.6989677916897081,2.250693539399021,1
0.7317090888936254,1.247195939702741,0.5814436673726275,0.5978450384896694,0.5370056455886565,0
1.796543809723551,1.1524899544171476,0.36965199558402756,0.16861351815119074,-0.6212195609568415,1
1.4827774139306888,0.8246847257518859,0.5803926022847196,1.2840302370707524,1.2784414907709722,1
0.2442700605819409,0.27732016115786423,0.8640190459465619,2.0318934752335744,3.0173558563663962,1
1.579255763430132,1.0446026682201408,0.5936890162549046,1.4617211989434666,1.5147915347303949,1
2.4102136528705214,-0.789572466763596,0.22575831565800153,-0.22434204422179904,-1.5181281112778522,1
1.715277011218479,0.544230922342294,0.27294361688504426,-0.5511445757229728,-1.7186459543187724,1
1.6290729695878485,-0.7230897934074983,0.433318730905498,0.43851293535173896,-0.12012941507154895,1
0.019920182701611666,1.3716987106483447,0.5960643424473034,0.03838089049396687,-0.022516293066418225,0
1.2082202693182462,-0.38248739353830963,0.46902479657785373,0.2881421155687388,-0.16664833378724409,1
0.0919833413736787,1.0865016438262018,0.7718990617677655,1.2771788692586494,1.8969813675178893,0
-1.1798223230446059,0.7335409047822823,0.8129291023712824,0.37692254034810435,1.0538451599995287,0
-0.5987706376794898,-0.2181988834223072,1.0170765703137248,2.27424823586952,3.780737271747442,1
-0.7051204524482569,0.921357215450273,0.6094677929503667,-0.5414290579229636,-0.6081028571062025,0
-1.2487824394675062,1.7081828167375166,0.6192537729091203,-0.9779546320445455,-1.0499750203274476,0
0.1495263662920795,0.17188483903408747,0.5957680986173006,0.15602485007612027,0.10422088089069181,0
1.1559946571751438,-1.899405714873573,0.43188493835614583,-0.007670069776821831,-0.6091590380624207,1
-0.7172710823993059,2.1615111967268525,0.7974512233652236,0.7006397665303,1.3546558844500498,0
2.675749827167897,0.50166037320525,0.1360721846461077,-0.5772038102864706,-2.1943255990654826,1
-0.4513844722381638,0.7504189051435763,0.5969953024210523,-0.39039935617554566,-0.484925112581453,0
1.7937137712771634,1.5817654869915942,0.4190327482560552,0.49522240989588173,-0.10526643500468957,1
0.19534149900023234,0.2796526918056798,0.5872146072207148,0.14128354949991068,0.060260025290877484,0
-2.5204984461246656,0.30972545581134864,0.8705662007955679,-0.4761781952471166,0.31618104068211295,0
0.7319785153235586,0.02629999606142097,0.5868148299920698,0.6339031767658542,0.5937043911057904,0
-0.5458971467715595,0.023489599273280537,0.7871678714481273,0.7902490228559504,1.4183158133270268,0
2.1963941483140417,-0.3885911071509175,0.24333157114641285,-0.30452441148725184,-1.5477264030703042,1
-0.4891112663275695,-0.5033666061738736,0.7892014875766731,0.8562172000817638,1.4965732268032965,0
0.7218800669898509,-0.32067359307936627,0.6892131048905795,1.3072708966767144,1.6593714203200656,1
2.3023693544670136,3.039752406339273,0.2237749207496803,-0.3370993647178372,-1.647012170084793,1
0.6793604704854486,1.1387559924463693,0.6059743550165676,0.7130760748727291,0.7422753270522141,1
0.8148399618660053,0.45299799837151133,0.5118572319021131,0.2106381422145101,-0.11077447370724924,1
-0.595154361085816,0.5423812029664146,0.5995310603731898,-0.5061847844143109,-0.6023245032055325,0
-1.9136650363566559,-1.2019804375800196,0.8471788680447931,-0.07202909764623033,0.6784489711226301,0
-1.0979235174909316,-0.8137144969049802,0.8243874887773512,0.5289033196414613,1.2562781865963628,0
0.36249231552578565,1.4700677306887542,0.5874065834696307,0.2968339914921752,0.22974149380398023,0
-2.7146989445291423,-1.2362053731032967,0.880439498069358,-0.589588878274547,0.225343712861653,0
3.601977019089527,1.8382830714336356,0.22809597687936933,0.8911717912413337,-0.29956839547558556,1
2.5961919921059446,1.8083662305931423,0.3815389819649381,0.985892941637112,0.3048130070726728,1
1.6924874572497757,-1.26653661707306,0.5626903455965008,1.3595597598608937,1.3025673354520038,1
-0.29105814040429634,-0.33326795907319606,0.8007173597441035,1.1157849577215537,1.8159825547835848,0
-3.0016707461845433,2.233431532301096,0.6532654092145124,-2.369014035653291,-2.448831491463274,0
0.7628364699515268,1.9281941418490578,0.773410393592696,1.906413547471978,2.584971683730584,1
2.6806624263557217,2.661503576636398,0.3843949445949228,1.0828949349932766,0.41944642041355207,1
-1.6289969800811464,1.197400069849858,0.6161429669724818,-1.3496103723560036,-1.4635850584620678,0
-0.3613865495643731,1.4384907744516418,0.785407088500687,0.9488025177840774,1.584674187619921,0
3.194946710893024,0.4615440160162262,0.32165442368060226,1.1392593334959988,0.27555145070199194,1
0.6461683514504425,-0.4399059271255309,0.5807320801822963,0.5141517411106981,0.44382848028592814,0
2.6363998073334454,1.8004139079444252,0.37527412135445914,0.981234683757773,0.2792783984308299,1
-2.4336879215390135,0.29753031351187165,0.8749421092563694,-0.3668829741853248,0.44912731224611757,0
-0.22454961380072402,-0.7719011429313564,0.7844883917868637,1.0689701580254036,1.7121162691408323,0
1.724091039060355,-0.038961747689502224,0.4310606758781528,0.5111546950906403,-0.04865584481845309,1
